,name,indice
0,Loja,0.30153609916076063
1,El Oro,0.7740797039320768
2,Azuay,0.2138211408990574
3,Santo Domingo de los Tsachilas,0.6047536510490209
4,Manabi,0.854411496815572
5,Guayas,0.7162483579633127
6,Pichincha,0.4638700890405449
7,Imbabura,0.9655799711123695
8,Chimborazo,0.6816603665080525
